id,abdomen,antena,clase
1,1.9144874125474471,3.9918376907080844,saltamonte
2,5.387464511947178,6.46695656599546,chicharra
3,0.62750278552193,3.226715545392632,saltamonte
4,7.479625253724942,7.238343351665497,chicharra
5,2.2089544845459073,3.486655584242377,saltamonte
6,7.392214369756374,7.522417426733025,chicharra
7,0.3554872814643548,4.29800582074211,saltamonte
8,8.870146732250388,8.868535978395602,chicharra
9,1.0840286056292605,4.769925459662463,saltamonte
10,5.206017317121226,7.8925167662296625,chicharra
11,1.021319275775276,4.906480054174033,saltamonte
12,8.748595286296194,6.49592617267707,chicharra
13,1.9475010046231458,3.052733698632127,saltamonte
14,7.036783934802838,8.600131177860456,chicharra
15,2.7610918130759985,4.246178752444844,saltamonte
16,8.801312017134553,7.672202381935813,chicharra
17,2.9299118293699924,4.903731179216045,saltamonte
18,8.188229444551162,8.48243488933524,chicharra
19,0.4617605072883655,4.070198704887732,saltamonte
20,7.631906638956628,6.4477945619201735,chicharra
21,0.08495680684357743,4.4690464482960115,saltamonte
22,6.894316295410013,8.052599332565741,chicharra
23,0.012651204579206987,3.6419125536692913,saltamonte
24,5.803336736928061,7.506095369493115,chicharra
25,2.0141309421841878,3.7448351198200744,saltamonte
26,8.884940242781937,8.53826142771355,chicharra
27,0.5825899390537413,4.897051595867833,saltamonte
28,6.280320005356691,8.36845614913065,chicharra
29,0.7507383301157883,4.905148181669537,saltamonte
30,8.483690394168034,8.150167693143342,chicharra
31,1.039458469267451,4.585473380158011,saltamonte
32,6.483878445048052,8.926184342649888,chicharra
33,1.910362493807833,4.495871675047685,saltamonte
34,7.388385177707118,7.862968369848865,chicharra
35,1.47925058355462,4.049187425849221,saltamonte
36,7.028625605691818,7.100141214607322,chicharra
37,1.7625210924135268,4.171854220096145,saltamonte
38,8.231681865135778,8.005057608451342,chicharra
39,0.921754726118816,3.932615780548182,saltamonte
40,5.757594712324151,6.954160803782656,chicharra
41,0.28219669498621225,3.288764960805341,saltamonte
42,8.751565755449775,6.712442166207074,chicharra
43,1.9555062044864597,4.916366943402422,saltamonte
44,8.165199388881671,7.342674079516901,chicharra
45,2.5846250520735508,4.464067187188743,saltamonte
46,6.163053625400279,6.237128149192196,chicharra
47,0.10277056706256438,4.013710781671811,saltamonte
48,7.376023432569644,6.835754548502815,chicharra
49,0.08892168841837245,3.7435323754720464,saltamonte
50,8.5654895689513,6.6149708092510995,chicharra
51,1.5957870731723798,3.02711544081192,saltamonte
52,8.939459568033257,7.96652334420048,chicharra
53,1.2796385550647644,4.450357197923214,saltamonte
54,5.1804149058806015,6.761265284960927,chicharra
55,2.548512903890612,3.6838669261301025,saltamonte
56,6.477674571596263,6.560151143175095,chicharra
57,0.843241271074501,4.597226368476474,saltamonte
58,7.109836025933132,8.505408066826167,chicharra
59,0.8362915840954612,3.4130431790924707,saltamonte
60,6.926895623564629,6.332252739963211,chicharra
61,1.2181358100809168,3.6402767244807874,saltamonte
62,5.554119665843141,6.852997071687719,chicharra
63,0.26279560808119573,3.8221510257003306,saltamonte
64,5.795400918042924,7.311877530761759,chicharra
65,0.5397880172706188,3.277551001698191,saltamonte
66,6.506061756077342,7.919086026088511,chicharra
67,1.935931633965647,3.1960777279904544,saltamonte
68,6.564192581471877,7.838608574050877,chicharra
69,1.8544068271049956,3.164946085757439,saltamonte
70,5.584008614538412,6.710593469732013,chicharra
71,2.6946478000818224,3.144780207718027,saltamonte
72,5.520564036255099,6.944012284954404,chicharra
73,0.4640485055390462,4.694591943530399,saltamonte
74,6.204118380186756,8.120104685889956,chicharra
75,2.116939099130317,3.1377181184967853,saltamonte
76,6.8193171214884405,6.530989839419637,chicharra
77,0.048944116372039104,4.886230555803786,saltamonte
78,6.601272702396782,6.196095091046591,chicharra
79,2.5383475719607724,4.4871234385453,saltamonte
80,7.076686349492712,7.960689368377029,chicharra
81,1.348386858852928,4.130471543482198,saltamonte
82,5.899463866464913,8.520542701150774,chicharra
83,2.940686932624255,3.3383328478783785,saltamonte
84,7.307952215815291,7.666794444826773,chicharra
85,1.8427836663396073,4.594762293724687,saltamonte
86,8.294550661775794,8.588002024684547,chicharra
87,1.9206758429251145,4.890413097871725,saltamonte
88,6.304271997068142,7.055931074639547,chicharra
89,2.7020203341869102,4.205667391960684,saltamonte
90,5.44099305722915,8.676750665950838,chicharra
91,1.890856131896781,3.225646275539744,saltamonte
92,7.0926893268855515,6.988957605215871,chicharra
93,2.5035030363358666,3.1159532458437025,saltamonte
94,5.438646495343636,7.170539448696953,chicharra
95,1.7174045114429868,4.19421030971687,saltamonte
96,8.194439803757728,8.908362512853381,chicharra
97,2.76170334304546,3.980577461788656,saltamonte
98,5.217196943108282,6.187840311480043,chicharra
99,0.5510376417498334,3.7179300257911496,saltamonte
100,5.049079628123019,6.20621007368776,chicharra
101,0.9739081072125746,3.0836025679510612,saltamonte
102,5.500212529247001,7.154802937357621,chicharra
103,2.670066321419365,4.915016804717366,saltamonte
104,7.01977971646606,8.496309501330298,chicharra
105,2.0343569298920112,3.6347338829290585,saltamonte
106,6.657253147062157,6.574458462163497,chicharra
107,1.8956919427279215,3.740099190992855,saltamonte
108,8.585216415271958,6.463962582322856,chicharra
109,0.3152820766273645,4.414048037987922,saltamonte
110,8.84207629371264,6.387766247026314,chicharra
111,1.7811465603757677,3.4205996612915177,saltamonte
112,8.541689496454545,8.899131043099983,chicharra
113,1.4516073430640781,4.413943576801109,saltamonte
114,5.343460834222961,6.045876277015822,chicharra
115,2.0656203129819746,3.1893406090088723,saltamonte
116,5.929124510327377,7.2178390114571656,chicharra
117,0.4059587816615948,3.024319396706226,saltamonte
118,7.935795656749292,7.712427544092993,chicharra
119,0.0372390547700322,4.0039368699434625,saltamonte
120,8.806190066632675,7.528466581766461,chicharra
121,0.828515759109968,3.9850767372995954,saltamonte
122,7.176175125482219,8.228449499651193,chicharra
123,2.176568996164559,4.150626598723315,saltamonte
124,7.641884180245149,8.598537025228673,chicharra
125,0.51546197767708,4.571518193497543,saltamonte
126,8.47405302317382,7.218124442477797,chicharra
127,0.419484843920477,4.216296449849292,saltamonte
128,8.630912108835451,8.128051246090921,chicharra
129,2.495131466576476,4.433317135468163,saltamonte
130,5.39687734524025,6.385300581735702,chicharra
131,2.66674690528739,3.3112869705128505,saltamonte
132,5.4146540648322645,7.010155472501456,chicharra
133,1.758987402150212,4.719360881183804,saltamonte
134,6.998020412503792,8.457593059716121,chicharra
135,1.9208832259663375,3.5316273851755895,saltamonte
136,8.779950219935369,7.362165552839502,chicharra
137,0.17484245605758963,3.5902964085090443,saltamonte
138,8.867416337039671,6.751290557659447,chicharra
139,0.1388346836163743,3.625967350819394,saltamonte
140,7.4944784208786945,8.168524023801833,chicharra
141,2.65942038611332,4.3116713788398435,saltamonte
142,8.261226187942796,8.622681233316795,chicharra
143,1.6276285455602286,3.1978936906593507,saltamonte
144,8.191296419986353,7.503989314305025,chicharra
145,2.9306012721243877,4.323215014322271,saltamonte
146,7.0418533597928965,8.112000113966653,chicharra
147,0.05370178819222371,4.237429395412809,saltamonte
148,7.3348114294066225,6.565576992154613,chicharra
149,1.7784997230857096,4.891469859964229,saltamonte
150,8.386125435771351,6.585399350889658,chicharra
151,1.8686280184716961,3.128552507940255,saltamonte
152,8.752461117194784,7.261398256259723,chicharra
153,2.9186712752872634,3.362118186723076,saltamonte
154,7.592581036997922,6.951316888448656,chicharra
155,0.7954403558419845,3.9804287506830534,saltamonte
156,5.137483488392048,8.280886740903323,chicharra
157,0.3432366655475033,3.018767177770339,saltamonte
158,7.096408722575422,8.339542230146494,chicharra
159,0.02334800938108106,4.325465666404132,saltamonte
160,5.876465989742,7.970964391061546,chicharra
161,2.413246398603979,3.9449855672751424,saltamonte
162,7.831640329146705,7.444996729142723,chicharra
163,0.23089041045019398,3.906464508837394,saltamonte
164,7.637239243941895,8.675151007945761,chicharra
165,1.5399080304200918,4.314294740448993,saltamonte
166,5.769554558920499,6.06504339960029,chicharra
167,2.6390961190705826,3.4306614526598747,saltamonte
168,8.092974637947368,8.752289850105468,chicharra
169,0.4684030190681452,3.4559781089015003,saltamonte
170,5.190706619893892,6.3684671445156535,chicharra
171,1.7001959470150285,3.245387338316161,saltamonte
172,5.749140336743631,6.536747336041879,chicharra
173,0.2478904110749447,3.8786384873232174,saltamonte
174,5.724634503913489,6.042391963106635,chicharra
175,0.560875726018895,4.599622430958139,saltamonte
176,7.9215093770009695,7.466468426596197,chicharra
177,1.2016109889119353,3.0298470913803652,saltamonte
178,7.237805753260201,8.342488165870014,chicharra
179,1.9019689452162252,3.2294309668652312,saltamonte
180,8.511717224829463,7.98429805081491,chicharra
181,0.15337023795761318,4.473430037124631,saltamonte
182,8.958717038862325,8.983616223707145,chicharra
183,1.783723847940483,4.202301649922443,saltamonte
184,8.585976750677496,8.868905881135671,chicharra
185,1.752893160757628,3.811349405466038,saltamonte
186,6.889302705460654,8.5813649460375,chicharra
187,1.8269092675385992,3.5855099717817303,saltamonte
188,6.971493352172182,8.762789352790069,chicharra
189,1.0447364882791081,4.868842428144617,saltamonte
190,5.8568587909108025,6.721674791177187,chicharra
191,1.5239371435081313,3.112580805962568,saltamonte
192,6.126606829489857,7.961221077345778,chicharra
193,0.9966804346470287,4.947477484385029,saltamonte
194,7.688496422118321,8.578862303428416,chicharra
195,0.2302233943915839,3.6534270749573747,saltamonte
196,7.2071462564494775,8.320545951224902,chicharra
197,2.387842927981053,4.328936398805723,saltamonte
198,7.590495695151343,7.766695902699942,chicharra
199,1.6727621432709348,3.2333848671193084,saltamonte
200,6.850072628390395,8.487746783753524,chicharra
201,1.8638896104404203,3.599243239259386,saltamonte
202,8.359763812700535,6.8659141831658985,chicharra
203,1.013877718417595,3.4924484680407804,saltamonte
204,8.357635707466178,7.511670764841281,chicharra
205,0.7576040363269672,4.396966203575085,saltamonte
206,6.992305932006796,7.824557392046775,chicharra
207,1.532677209978882,3.109374969100317,saltamonte
208,5.532896429165781,7.832477449656596,chicharra
209,0.4554284367204652,3.1154010132523906,saltamonte
210,6.46155286969363,7.995400892054281,chicharra
211,1.5058427606329026,3.6549832278612415,saltamonte
212,5.225767968726549,6.714544974798035,chicharra
213,0.3138835539071039,3.170317458393593,saltamonte
214,6.809425724125181,6.472724352236177,chicharra
215,1.075669956687991,4.432281715704436,saltamonte
216,5.431106064195799,7.0034042950850175,chicharra
217,2.413726009827586,4.040200302848828,saltamonte
218,5.1308921471973274,7.874666327038292,chicharra
219,0.08152108044154405,3.6997500890744606,saltamonte
220,6.675596157197791,6.924483000731263,chicharra
221,1.0326262846200236,3.118796637901201,saltamonte
222,5.946248623845603,7.885078753290486,chicharra
223,0.529339898079767,4.993622804254719,saltamonte
224,8.857894501180851,6.707916801586144,chicharra
225,2.085702612808643,3.673482785262963,saltamonte
226,6.016253467643176,8.327373565509617,chicharra
227,0.7206998787854715,3.8397755471954316,saltamonte
228,6.219097620717249,7.29872878428578,chicharra
229,0.7426670630765475,4.576390663166784,saltamonte
230,5.6864029340179005,7.140786110430257,chicharra
231,0.5552940751559464,3.3767912155325783,saltamonte
232,6.581297647501218,6.113075790284824,chicharra
233,1.3221197990328406,3.3374309098518466,saltamonte
234,8.033240205897384,7.013239991163734,chicharra
235,2.5291093900690464,4.953036356924222,saltamonte
236,8.563805565512213,7.565647800132611,chicharra
237,1.1262196655407455,3.3179547016370785,saltamonte
238,5.548140657474542,6.857452389966463,chicharra
239,0.1150207711515091,3.4216273056383972,saltamonte
240,5.28362109292704,7.9272854169675036,chicharra
241,2.7802804230913862,3.4532247809779495,saltamonte
242,8.006148224123926,8.320069955047657,chicharra
243,0.2273211144022066,3.470538372388426,saltamonte
244,6.39614449658462,6.907928948957598,chicharra
245,0.109622991303441,3.1725819051968633,saltamonte
246,8.018447353475967,6.0231584593096015,chicharra
247,0.3593084380637691,4.125666306608425,saltamonte
248,5.8899954382141075,8.54890000497457,chicharra
249,1.4589059329547593,3.9650662883798784,saltamonte
250,5.4353975415201585,6.231494551743242,chicharra
251,0.23077273026436096,3.8773600971639386,saltamonte
252,7.465028901632837,7.3920101730654855,chicharra
253,2.622779764338936,3.4382267713856027,saltamonte
254,8.545894417919772,6.159467561826249,chicharra
255,0.17098951268526652,4.759215145484809,saltamonte
256,5.846042466108917,6.035528773964845,chicharra
257,0.9771327448004754,4.592971205278835,saltamonte
258,7.027943303703857,6.45103168177936,chicharra
259,2.439277316925443,4.93001955754751,saltamonte
260,7.796291520797121,7.404747745530922,chicharra
261,1.115247511682578,3.5239642294028606,saltamonte
262,7.227363370144882,8.053261830500809,chicharra
263,2.2450581298849097,3.619058914818218,saltamonte
264,6.709003936286036,8.039926418702697,chicharra
265,1.0967729670145214,3.860595269805895,saltamonte
266,5.9211800634657346,8.657008544512275,chicharra
267,2.15898391512495,3.4658397830667447,saltamonte
268,6.617202514973378,8.704845305374201,chicharra
269,2.221523173111354,4.7786202929531525,saltamonte
270,7.94253838120082,8.289084512561152,chicharra
271,1.4601210069628405,4.17856373688894,saltamonte
272,6.497912601286842,7.983546354534196,chicharra
273,2.0061316152710744,3.109564922527584,saltamonte
274,5.323679848200264,7.5298339251881945,chicharra
275,2.1480368401134737,3.2047615918978307,saltamonte
276,8.432590233462486,8.271465722972458,chicharra
277,2.993992465135223,4.237011388182532,saltamonte
278,8.205345890998295,6.6874507353549255,chicharra
279,2.4022291313804662,4.857216207054657,saltamonte
280,8.697908293350947,7.240761469910357,chicharra
281,2.274039999243019,3.6556626797305896,saltamonte
282,8.158121625725663,8.001254358954998,chicharra
283,1.3089425273013426,3.805641299412604,saltamonte
284,6.194272225262095,8.044761553546309,chicharra
285,0.43940581743361373,4.825466406410447,saltamonte
286,5.111756997205714,8.64512881381798,chicharra
287,0.2869166751151857,4.014571489599353,saltamonte
288,7.6889449581160445,7.691046779061158,chicharra
289,0.6425794343653826,4.717524871679165,saltamonte
290,8.701308688349062,8.80529024917442,chicharra
291,2.3174178588383376,4.916782815069525,saltamonte
292,7.210124350290502,8.08411762951894,chicharra
293,2.4855048145840493,3.783631159323872,saltamonte
294,6.154226715350531,6.14825449428302,chicharra
295,0.736461253655886,4.588591096046872,saltamonte
296,5.520018173807511,7.818275094318259,chicharra
297,1.9362535546029411,4.720581841814443,saltamonte
298,6.6157559985533245,7.102498800083026,chicharra
299,0.5070026812775911,4.42333133170637,saltamonte
300,5.8583996126178794,8.03793747208167,chicharra
301,2.9564315483041788,4.599938170459067,saltamonte
302,6.522365864768244,7.593457182920037,chicharra
303,2.5637464061282813,3.0031052789473804,saltamonte
304,8.52261090751299,8.785755758023885,chicharra
305,2.433487042693246,3.1351734830379936,saltamonte
306,5.043588720572487,8.747497898320727,chicharra
307,0.013110134664252038,3.700739545953054,saltamonte
308,7.7841901078169276,7.444250870849006,chicharra
309,0.04752421599611778,3.4614917233766658,saltamonte
310,6.8075298960158594,8.606069820513381,chicharra
311,1.1349151140052596,3.0089511934575954,saltamonte
312,8.120391083961277,8.904725000609234,chicharra
313,0.6032507105402432,3.6303505636246416,saltamonte
314,7.1719838135904315,7.362945264286815,chicharra
315,1.911844720500678,4.716774502091756,saltamonte
316,6.002059414504566,7.617466261517797,chicharra
317,1.7865158103638943,3.428717107591535,saltamonte
318,5.042631953207913,6.110727390934884,chicharra
319,2.218326992457764,3.3404839922481955,saltamonte
320,6.64535216563392,7.256323652247541,chicharra
321,2.4916760580658366,4.008585039558708,saltamonte
322,7.0388743284959085,7.494870963304573,chicharra
323,2.0605847710037204,3.3151452284919856,saltamonte
324,6.295663125466955,6.580637254953169,chicharra
325,2.8997032790115336,4.429061182968201,saltamonte
326,5.892306831201215,8.170413885177657,chicharra
327,1.9412023730533732,4.2072748292942554,saltamonte
328,8.198748649865239,6.551622597018942,chicharra
329,0.05626662208909028,3.4212575544019046,saltamonte
330,5.937840746092997,7.341137032318947,chicharra
331,0.47741194381108387,3.2066040958524566,saltamonte
332,7.064040971027247,8.952016815364042,chicharra
333,1.1150815933876617,4.673676005616011,saltamonte
334,8.387718686992924,6.971700214764275,chicharra
335,2.680779585096758,3.246586392048183,saltamonte
336,7.869104370382511,8.648516838276873,chicharra
337,2.5206150991939626,3.352788319721329,saltamonte
338,7.2294205210169356,6.571450253565996,chicharra
339,0.865688394865787,4.912468450458022,saltamonte
340,7.107294462430323,6.369880243905393,chicharra
341,0.3758190321201138,3.271104475438375,saltamonte
342,7.515371879781181,8.499351372145858,chicharra
343,1.671436036205311,4.292740102879854,saltamonte
344,8.494106581920265,8.442526583463913,chicharra
345,1.3522828604392436,3.237638545231986,saltamonte
346,8.201951834633949,7.278285505202915,chicharra
347,2.1114529676297047,3.018652901198396,saltamonte
348,8.530585449595849,8.361971056252749,chicharra
349,0.16540726146740614,4.254680386619269,saltamonte
350,6.1458246171931785,8.251115438182659,chicharra
351,0.6473810041749117,3.8242015188787803,saltamonte
352,6.453854080527563,8.551033476794572,chicharra
353,2.0918441495994804,3.6826058922974587,saltamonte
354,7.104101954041596,7.544644611222998,chicharra
355,0.6907270512978076,4.057708771066799,saltamonte
356,5.006591829664078,8.695941341337075,chicharra
357,1.8891379008081879,4.874575772602725,saltamonte
358,6.284154150427042,7.131205207023218,chicharra
359,1.3704822900497973,3.7784949126950123,saltamonte
360,7.108769974536187,7.806615982491822,chicharra
361,1.208194296794752,4.073368884872878,saltamonte
362,7.828615337749069,7.668423505991255,chicharra
363,1.5012629680844127,3.9534465810225785,saltamonte
364,7.604811295069875,8.80932945961123,chicharra
365,2.7323336234465954,4.295506710303725,saltamonte
366,6.9506197868277315,6.8911526742367535,chicharra
367,2.855418147338506,3.4919377309681785,saltamonte
368,5.146697828906721,6.733758879498012,chicharra
369,1.1055441874735816,3.0187058076966027,saltamonte
370,6.720453992770686,6.474199612637708,chicharra
371,1.4054144681978071,3.4483092132405133,saltamonte
372,8.036363172371436,6.876415157383632,chicharra
373,1.3393793030987307,4.15063784489328,saltamonte
374,6.640925551378391,7.9598577073981875,chicharra
375,1.3552493064144187,3.3462618889461204,saltamonte
376,6.47265904124417,6.152391117023152,chicharra
377,2.543395541226558,4.371777287936892,saltamonte
378,8.975150385101793,7.530711608157507,chicharra
379,2.603637657095101,4.842965647924373,saltamonte
380,6.351034061048747,6.271608213309723,chicharra
381,2.661472040724563,4.635341525868505,saltamonte
382,7.9716921512841665,7.214325366207971,chicharra
383,2.201615858826892,4.594733733314688,saltamonte
384,5.198225215856229,7.2599946567584634,chicharra
385,1.8906652855458925,4.84425282015466,saltamonte
386,7.008034258222445,8.677179106665879,chicharra
387,1.1410950951376568,4.381948768531884,saltamonte
388,5.488304624665726,7.3432803736030134,chicharra
389,1.106433918935171,3.9715014235434225,saltamonte
390,5.197676131352663,6.314343167355805,chicharra
391,2.995635896000646,3.025323393240301,saltamonte
392,6.83266465738864,6.5598541220632995,chicharra
393,1.663974761924585,4.182013690514584,saltamonte
394,8.957191719956363,6.353581538534993,chicharra
395,0.7671778768374755,3.281413922146939,saltamonte
396,7.887138648360125,7.1856449374713565,chicharra
397,1.204001804010264,4.622176194820157,saltamonte
398,5.106333428160182,6.175130981597091,chicharra
399,1.7551796862473519,3.486963198640514,saltamonte
400,8.74029385516137,6.982265919035192,chicharra
401,0.17616304902460078,4.829848995725216,saltamonte
402,5.651106522591686,8.886266172557868,chicharra
403,1.4896434562222665,4.762514243232816,saltamonte
404,6.4789540340314105,6.827972367676765,chicharra
405,2.302462166789486,3.2437731700672776,saltamonte
406,7.5554727327856055,7.233597751216272,chicharra
407,2.465633823926864,3.6555301267193325,saltamonte
408,5.8653032620044545,8.796696995061282,chicharra
409,1.0421182667681126,4.510923207313761,saltamonte
410,8.270803143024555,7.8172736273006365,chicharra
411,1.9573442955951297,3.7969845388079215,saltamonte
412,6.055073380214846,7.155128472103156,chicharra
413,2.3088306781050174,3.3900317728905947,saltamonte
414,6.706411787208505,8.578947487370758,chicharra
415,0.5194556688745255,4.314119084686279,saltamonte
416,5.48847187660827,7.430491465345941,chicharra
417,0.3729622888978432,4.4014873844387585,saltamonte
418,6.691874539014151,7.795503314685787,chicharra
419,1.4953853808686355,3.690639680612132,saltamonte
420,6.5152512289733195,8.334779309175978,chicharra
421,2.548978653478665,4.862977610204026,saltamonte
422,6.416687447346575,6.6094357908566606,chicharra
423,0.05410482575254594,4.358703566171046,saltamonte
424,6.824783869744325,8.809129079959265,chicharra
425,2.671870396089586,4.200469127616715,saltamonte
426,8.66617590945943,6.59347713244798,chicharra
427,1.7493749768079803,3.7601420510754537,saltamonte
428,5.601317812758264,8.847346676153778,chicharra
429,2.9748897868387454,4.13447780369817,saltamonte
430,7.018596785267307,6.2595923685256265,chicharra
431,2.0579578212434626,4.667068240512222,saltamonte
432,6.336687165898478,8.931236419838939,chicharra
433,0.14391062291693424,4.875597903534857,saltamonte
434,6.163076348176265,7.0808585538056965,chicharra
435,2.6849182902851974,4.361885447822248,saltamonte
436,5.47317576567985,6.219514054299758,chicharra
437,2.7622694055668537,4.203092352531008,saltamonte
438,7.645129293053978,7.246543441584781,chicharra
439,2.3429428705020636,3.3824733334568284,saltamonte
440,6.8044697415270505,6.749780699938949,chicharra
441,1.9694833778029852,4.197777993891394,saltamonte
442,5.66837925768394,6.8513051682313,chicharra
443,0.7462391351624275,3.481733177009134,saltamonte
444,8.757688668476812,8.058077564863822,chicharra
445,0.6968589274808981,4.983070699886069,saltamonte
446,7.026671605608,7.490742155707293,chicharra
447,0.5710598636233325,3.9012570878367665,saltamonte
448,6.726770361115156,8.691310889079475,chicharra
449,0.11805839698681253,3.8668339167065646,saltamonte
450,5.589910704162454,8.45934692669545,chicharra
451,0.08918538043348612,3.5565957298220936,saltamonte
452,5.762911587756503,6.411551661335695,chicharra
453,1.7858335701534742,3.8730911276041953,saltamonte
454,8.478229327838505,7.118188930018011,chicharra
455,2.7334595853412,4.625583260770598,saltamonte
456,5.595981487791087,7.247612185679239,chicharra
457,2.94088360767934,3.1585514784176487,saltamonte
458,6.5616908153491735,7.6399686848239,chicharra
459,2.3487202656243635,4.8196532968426,saltamonte
460,6.2631874098351545,7.313128802292457,chicharra
461,1.757238302247206,3.6184537555382104,saltamonte
462,6.470396068737271,7.179625484960867,chicharra
463,1.9508456388133286,3.307575779821465,saltamonte
464,8.70306188479721,8.576429671948155,chicharra
465,1.946374649750344,4.024686348015253,saltamonte
466,8.909928046727478,7.687370205883505,chicharra
467,0.6690271328560309,4.135970673631996,saltamonte
468,7.770064555064494,6.215568648671702,chicharra
469,2.4615645081787734,4.054131227620296,saltamonte
470,8.088314180805373,8.166734791842968,chicharra
471,0.6597994849485924,4.321662761320982,saltamonte
472,6.829760784893497,6.167685960712541,chicharra
473,2.1383519759474585,4.072994250476814,saltamonte
474,6.81861112935558,6.015851794797528,chicharra
475,2.0446880226532627,4.69834774462652,saltamonte
476,5.136877104713634,7.719355597427175,chicharra
477,2.4776960317295504,3.7358865503506182,saltamonte
478,5.675548531344381,6.267136189445306,chicharra
479,1.1982709538593892,3.9908266368944445,saltamonte
480,7.724033457847758,7.431322743366625,chicharra
481,2.425800477880343,4.912673278747024,saltamonte
482,6.373610940487952,8.076261135410224,chicharra
483,0.010499879977467597,3.8565530512467356,saltamonte
484,5.96384346312629,8.685624335865462,chicharra
485,2.5108042792585685,3.8131855743350496,saltamonte
486,7.5892146849547135,7.670262526495442,chicharra
487,0.6214592566871803,3.08162403642398,saltamonte
488,7.732067356697108,8.761498290849897,chicharra
489,0.4453720709888961,3.2916037717170683,saltamonte
490,6.352967268500592,7.858879236758449,chicharra
491,2.2900704641138696,3.0187797520683435,saltamonte
492,8.623139880188232,8.32139020879788,chicharra
493,2.8158764601195907,3.881908549897587,saltamonte
494,8.701562502188489,8.869166841016284,chicharra
495,2.6223586666280805,4.5331759417148785,saltamonte
496,8.09859675736536,6.663269954711157,chicharra
497,1.980040711689221,3.594336353315664,saltamonte
498,5.4710648223843865,6.296367970855352,chicharra
499,0.3797922433070582,3.1792144645654816,saltamonte
500,7.860022866254729,8.304021701588791,chicharra
501,2.578350133580307,4.748740034086121,saltamonte
502,7.624958163158361,6.843629165152449,chicharra
503,2.800292759566164,4.740685615278308,saltamonte
504,5.435581426705076,6.789125795138194,chicharra
505,0.5640293636957048,3.267308087613692,saltamonte
506,6.970868272191709,8.158540339638432,chicharra
507,0.34852223748808986,4.827258439824101,saltamonte
508,7.318200283066229,6.7528176889661236,chicharra
509,2.2776083282021617,4.655718751508146,saltamonte
510,7.444969896685498,8.770383791647298,chicharra
511,2.722161551186738,3.6345302498317067,saltamonte
512,7.285267293508084,8.43112174626409,chicharra
513,2.547244226198875,4.84309308794141,saltamonte
514,7.633048693781479,8.326080108101687,chicharra
515,0.07710632874814938,3.5113246599305956,saltamonte
516,8.024019306467048,8.846758129175042,chicharra
517,0.9513710115515948,3.6701382253590773,saltamonte
518,5.434710686069462,7.103405081349489,chicharra
519,1.8854456343883417,4.642468917271991,saltamonte
520,8.036981782119785,8.854336594413674,chicharra
521,2.107029386717177,3.8349039965109903,saltamonte
522,5.306726742668392,6.48698490583244,chicharra
523,2.245603082630865,4.040959296194581,saltamonte
524,7.325804164496822,8.98822083900245,chicharra
525,2.1911101236439445,4.199562924481475,saltamonte
526,5.646444587943091,6.826756556685794,chicharra
527,0.5308609925908724,3.1543384496420295,saltamonte
528,6.057441955168125,6.702976696229292,chicharra
529,0.6317342236790178,4.409983344109987,saltamonte
530,6.20815800994005,6.374474296260718,chicharra
531,2.338346172595183,3.338585854629351,saltamonte
532,6.547002372543639,7.792340572976483,chicharra
533,1.333832791145495,4.625268614855125,saltamonte
534,7.1581908349219106,8.333526392591477,chicharra
535,2.3484441624016177,4.313989878265427,saltamonte
536,7.677827208699391,7.086722177369336,chicharra
537,0.8330012025651503,3.5178553472871537,saltamonte
538,8.252201031407711,6.733733955547498,chicharra
539,0.09899870187697501,3.614569463748507,saltamonte
540,5.637065913349506,8.73926231309374,chicharra
541,1.1429384822549866,4.913301923583621,saltamonte
542,6.340209509609943,8.125137532469335,chicharra
543,2.4642870751520305,4.615028760630901,saltamonte
544,6.384483606742149,8.74865609717294,chicharra
545,2.2860525380347916,3.7501053916375975,saltamonte
546,6.528705984402606,8.086850444300765,chicharra
547,0.13723438213249128,3.978251148552115,saltamonte
548,6.815230491153818,7.830920527043065,chicharra
549,1.3445321935823693,3.959522663239208,saltamonte
550,5.3159663556441785,6.557620741978767,chicharra
551,2.0497745208739433,4.45824164368112,saltamonte
552,7.648841818400115,8.119347834500722,chicharra
553,0.7902686901119313,4.805447743511392,saltamonte
554,8.700676431031324,6.397488367323466,chicharra
555,2.767566749409059,3.104633413696508,saltamonte
556,8.788265182468077,6.66421232707658,chicharra
557,0.023352472692726334,4.439557300651604,saltamonte
558,5.277659479735822,8.127030460756439,chicharra
559,1.1812503780835826,4.134179158148231,saltamonte
560,8.73193945702246,6.3842218523113825,chicharra
561,2.973314353786568,4.818692217366468,saltamonte
562,5.508507468820035,8.158796415189297,chicharra
563,2.6579706952021818,4.0189127885706855,saltamonte
564,8.360302639306646,7.388433550261368,chicharra
565,0.15372671376041414,4.305010392836575,saltamonte
566,8.600781455067247,8.276295193027309,chicharra
567,0.4001914683841974,4.377875753415932,saltamonte
568,7.402547972887341,7.6056122877289924,chicharra
569,1.805363595384247,3.7744865962803535,saltamonte
570,6.040999666286801,7.637382647102108,chicharra
571,0.4008003497531183,3.4144359501630728,saltamonte
572,5.943989100158015,8.523808072095292,chicharra
573,2.9374320930914077,3.9214433411238057,saltamonte
574,6.514876432060817,8.257927949395572,chicharra
575,2.0016315420355237,4.226784152018535,saltamonte
576,6.259423515541121,7.440645223961988,chicharra
577,2.500887963002246,3.421711791996098,saltamonte
578,8.7551877266622,6.575957618758922,chicharra
579,0.17175048518356772,4.549663408478428,saltamonte
580,7.083582680360179,7.943393162414912,chicharra
581,2.931783568869504,3.558486933453425,saltamonte
582,8.726387238612865,8.092705917019549,chicharra
583,0.571915784065029,3.42500200061842,saltamonte
584,6.254545673366421,7.830542544787076,chicharra
585,0.4036480715925891,3.3834915260215577,saltamonte
586,7.7979709461045665,6.160654987163883,chicharra
587,0.7853264169502774,4.028383040844881,saltamonte
588,6.839717712813054,6.408617702945093,chicharra
589,1.0071726007929218,3.539864781897567,saltamonte
590,8.017870948673117,7.549842552871533,chicharra
591,1.264780304056361,3.7751423533825195,saltamonte
592,6.819602337919131,8.874530760866648,chicharra
593,2.2515104557261694,3.2215289603240667,saltamonte
594,7.468097172947385,6.236085287670872,chicharra
595,1.8989928974098964,3.531608798266114,saltamonte
596,8.879028901235557,6.961678233545604,chicharra
597,0.5284289018846473,4.1450723371588625,saltamonte
598,8.916915687763431,8.081881738946368,chicharra
599,2.6476044735428035,4.0072051290738235,saltamonte
600,7.209116139559178,7.611879016764953,chicharra
601,2.3656733852719873,4.296514802019095,saltamonte
602,7.671595536122716,6.47313265454992,chicharra
603,1.5182142704362187,4.6204024715538266,saltamonte
604,8.001716114158082,6.240865295742767,chicharra
605,2.386365385501157,3.767946169213069,saltamonte
606,7.565550407932254,8.691984289760155,chicharra
607,1.3875441436281952,4.770861252733382,saltamonte
608,7.9889725483908,7.647402290042209,chicharra
609,0.8965399172259199,3.4503705633990474,saltamonte
610,5.681002352939007,7.615747597457891,chicharra
611,2.312436230584183,4.23388858185078,saltamonte
612,7.4998136874161325,6.052113234526558,chicharra
613,0.45791287855795093,4.435395029030941,saltamonte
614,8.155206575567352,7.853613582409071,chicharra
615,1.3639632264821073,3.7124538925406974,saltamonte
616,8.068746490681919,6.978743010819665,chicharra
617,0.4100750325422855,4.622206583674784,saltamonte
618,8.965842174702289,8.157258482350507,chicharra
619,2.9213545219494264,4.006104806602675,saltamonte
620,6.650936206078933,7.451182677149681,chicharra
621,2.9131429698476414,4.299014808857963,saltamonte
622,5.81792250160181,8.18065860648836,chicharra
623,0.8957825150459853,3.9134631159878994,saltamonte
624,8.51827202342054,6.407477419747698,chicharra
625,2.4038727090959036,3.9025378944354356,saltamonte
626,6.97508206960732,7.559875940121877,chicharra
627,2.531874869816647,4.412076354296291,saltamonte
628,8.910350878693745,8.531918304121454,chicharra
629,1.9989837000938602,3.627033778388759,saltamonte
630,7.319173104061186,7.146264731235393,chicharra
631,1.546647940669322,4.023147504823762,saltamonte
632,8.766008779442025,8.360868239410772,chicharra
633,1.957774559865797,4.4836996149967945,saltamonte
634,8.162053616802766,8.011632407733545,chicharra
635,2.330542345070251,4.303880106556759,saltamonte
636,6.549137503627351,8.997178366413793,chicharra
637,2.3665914116540367,3.1456657042910243,saltamonte
638,7.811979230833144,8.565277954066751,chicharra
639,1.5331843498357123,4.304188911393598,saltamonte
640,6.052482144622184,7.590544919689661,chicharra
641,1.8400160725860613,3.53104498871655,saltamonte
642,8.28828736501335,8.5312738516149,chicharra
643,0.40255685913241335,3.6157887517196112,saltamonte
644,5.794738052707256,6.096223608246786,chicharra
645,0.791235947516889,3.609873235813625,saltamonte
646,5.863386403948423,8.057878654287268,chicharra
647,2.865431552565097,3.9119637828614593,saltamonte
648,8.428424772518767,7.524890194139511,chicharra
649,1.873972789724552,4.2623970489233916,saltamonte
650,5.639307133292672,6.138128547125745,chicharra
651,0.4070407601808793,4.992147968234807,saltamonte
652,5.35831894066146,6.105641468027654,chicharra
653,0.7085527952132388,4.37480815763485,saltamonte
654,5.115076797562339,7.390631367396685,chicharra
655,0.2547379400371196,4.305728515836042,saltamonte
656,8.721582520429259,6.53238454401593,chicharra
657,2.236654330764564,4.69102232488199,saltamonte
658,8.98746706454492,8.889074287966515,chicharra
659,0.6631707882030042,4.124869679976819,saltamonte
660,7.193476118157515,6.214252204062836,chicharra
661,0.004348972444866539,4.964388901266341,saltamonte
662,6.138132739369592,7.397885677209324,chicharra
663,1.5638951215214303,3.543569839786728,saltamonte
664,8.915578977367135,6.361781391037124,chicharra
665,2.913714222844372,4.217122398446238,saltamonte
666,8.853469931655752,6.7950280399255085,chicharra
667,1.283241379184842,3.7079115014711066,saltamonte
668,7.121039273688549,8.192314804089293,chicharra
669,1.189484624161361,4.683490306388251,saltamonte
670,5.566714025567569,7.089273191267586,chicharra
671,2.6187441407726686,3.3221550084047196,saltamonte
672,6.801467958921038,6.458061635649108,chicharra
673,2.1064726739231157,4.008774599744585,saltamonte
674,8.395878741258063,7.0575392643659125,chicharra
675,2.7200546972101587,4.547791034977578,saltamonte
676,8.799857919321962,7.907523615058938,chicharra
677,0.7195737517865802,3.400006628460579,saltamonte
678,8.633015400292194,7.502654066662977,chicharra
679,0.9778342211314215,4.0526092251119,saltamonte
680,6.7009296172815915,8.929597619125444,chicharra
681,1.0405491485955667,3.3000983192906492,saltamonte
682,6.138658939540609,8.341368768481898,chicharra
683,2.1799318873245364,4.013212616975704,saltamonte
684,7.332371871073213,7.8494429350771036,chicharra
685,1.607888809781222,4.996651525339896,saltamonte
686,8.612047902150438,8.936914305785063,chicharra
687,1.6285114827873681,3.7556052309694747,saltamonte
688,6.92938930147254,8.801217558882795,chicharra
689,0.43652989892784944,4.961493412313067,saltamonte
690,5.305848369072695,8.00815186293508,chicharra
691,1.1161179847536034,4.169544633531383,saltamonte
692,8.38792816129935,6.1126572158190235,chicharra
693,2.219637546240485,3.861987543458455,saltamonte
694,5.177652432962342,8.663812502456427,chicharra
695,1.8697867684197487,4.333803378776849,saltamonte
696,8.621223230773367,8.248675245979001,chicharra
697,1.543844428255348,4.408206990882867,saltamonte
698,5.883243949449875,7.477498115315766,chicharra
699,1.7479861835005206,4.010459370184452,saltamonte
700,8.13519126667698,7.393567413936569,chicharra
701,2.4971811598768383,3.748505760788392,saltamonte
702,8.383082356884172,7.76373055346177,chicharra
703,1.0625146893024304,3.8261940844585025,saltamonte
704,6.515301379641769,7.2234102089826155,chicharra
705,2.0408091631526295,3.3230323828165043,saltamonte
706,8.9956997543548,6.70893863626962,chicharra
707,2.0650153860233003,3.8665543505178253,saltamonte
708,5.0346819891410535,8.620736334025533,chicharra
709,1.8280629180026402,4.916535725221923,saltamonte
710,8.13512928604688,7.935578426098514,chicharra
711,1.6403997522435938,4.628136534049917,saltamonte
712,7.854218437275897,6.503822519528516,chicharra
713,1.2764816978373632,3.6398056512393495,saltamonte
714,6.092587183842205,7.459520687500293,chicharra
715,0.3770395884240101,3.9499073619325364,saltamonte
716,6.567366730458089,6.153596681488104,chicharra
717,2.9522873091068944,4.528791407848612,saltamonte
718,6.2634346869868445,8.343798062684163,chicharra
719,2.46712804518081,4.090605662113413,saltamonte
720,7.79545435788892,6.761892883586674,chicharra
721,2.929374583051393,3.2307437112172215,saltamonte
722,7.4409727430830035,6.306029912480223,chicharra
723,0.3685344630336299,3.3022263278891675,saltamonte
724,6.537652694237024,7.345484624269369,chicharra
725,1.1036926882558935,4.715326428623231,saltamonte
726,6.707520496166731,6.554977479333243,chicharra
727,1.9104913633185432,4.555660267235293,saltamonte
728,7.510219553078876,8.448479007392116,chicharra
729,1.0319625716845895,4.175572964058716,saltamonte
730,5.371254275146772,8.176323273157253,chicharra
731,0.7893899708288941,3.413078509563574,saltamonte
732,6.188688810489234,7.038635423661614,chicharra
733,1.889365069424911,4.956300100137257,saltamonte
734,8.510907316154004,7.68110077528113,chicharra
735,2.462247926812476,3.501254958889719,saltamonte
736,8.72723201162826,6.267989524670176,chicharra
737,2.688183063808731,4.679471836597008,saltamonte
738,7.684092595980372,8.163883431104024,chicharra
739,0.002713038271367596,3.654399463693328,saltamonte
740,6.059002654267141,7.628605521571293,chicharra
741,2.1977819643901872,4.006616103643142,saltamonte
742,6.150489272620874,8.229597210327704,chicharra
743,0.3176507965082054,4.491028587120493,saltamonte
744,7.113499323402174,6.005818365104176,chicharra
745,2.443707163453323,3.836681285100961,saltamonte
746,7.218175837969116,8.137928122622395,chicharra
747,2.3797685522033927,4.802792842384137,saltamonte
748,8.15105065707166,7.718905327017447,chicharra
749,1.3289112582022908,4.33019400631747,saltamonte
750,7.442720301061724,8.585162427818926,chicharra
751,1.053674503483096,3.4655615808260327,saltamonte
752,8.332663285521097,8.577928304156993,chicharra
753,1.8259288185310176,4.913345911507076,saltamonte
754,8.459240910037199,6.844692263460912,chicharra
755,0.37796573528557087,3.0305641997372286,saltamonte
756,5.481594245518721,7.972666400991798,chicharra
757,2.741010313507843,3.0581610063913676,saltamonte
758,8.612629067325871,6.912606094802369,chicharra
759,0.629369379375879,3.2772576427872595,saltamonte
760,5.211320814141328,6.77803628389887,chicharra
761,2.041299685089119,4.433718197458486,saltamonte
762,7.507610417881276,8.712230698068838,chicharra
763,0.9900363507547738,4.536208999794941,saltamonte
764,7.323077867644573,7.902260611621125,chicharra
765,0.9291485901553033,4.956591308602643,saltamonte
766,6.849047264348874,8.35885538694907,chicharra
767,0.5818181396193611,3.4587588597444454,saltamonte
768,6.662625880563784,6.831012105395853,chicharra
769,1.4922142061106456,3.614933547163195,saltamonte
770,8.166109695444963,6.277101871036429,chicharra
771,2.3097920614849277,4.667426520825468,saltamonte
772,5.193392177039872,8.690968154512852,chicharra
773,1.1097565894481947,3.336966400292477,saltamonte
774,6.782266293660637,7.975673836485933,chicharra
775,0.8215272099071596,4.437774580306623,saltamonte
776,6.2027259603581495,7.303169053776692,chicharra
777,0.30330539066348683,3.2977581701710923,saltamonte
778,6.4971291813529515,8.173519198369014,chicharra
779,2.606022611887657,4.843665231583508,saltamonte
780,6.852806710670437,7.123852314349201,chicharra
781,2.4777421745170343,4.589339719671707,saltamonte
782,8.118958415655625,6.601517997516469,chicharra
783,2.807835803318821,4.145020705679113,saltamonte
784,7.281399184217116,6.102822528822123,chicharra
785,2.435897157890989,4.127530628668918,saltamonte
786,7.23110698580299,7.869425835131485,chicharra
787,2.0479829353204098,3.432047726478922,saltamonte
788,5.976328362308681,8.390363943451455,chicharra
789,2.9753943065973902,3.623961589495754,saltamonte
790,8.260621344564157,7.726205089273032,chicharra
791,0.6256013270244027,3.7862660595911706,saltamonte
792,8.772140927743873,8.555129110068386,chicharra
793,2.0821827863302005,4.964451493071583,saltamonte
794,6.465807940810306,7.0904232736275095,chicharra
795,0.9233058791072979,4.923385829186205,saltamonte
796,8.707137667161852,6.190415548917478,chicharra
797,0.11555279850569444,4.674717218972949,saltamonte
798,7.46071855624496,8.234114368276616,chicharra
799,0.12710133578911598,4.73867059857631,saltamonte
800,5.743140277664052,6.936417244177558,chicharra
